monster_name,pick,pick-perc,win,win-perc,leader,leader-perc,first,first-perc,last,last-perc,banned,banned-perc,1p-win,5p-win,1p-win-perc,5p-win-perc
Fairy,0,0.0,0,0.0,0,0.0,0,0.0,0,0.0,0,0.0,0,0,0.0,0.0
Elucia,26,2.4,9,34.6,2,9.1,0,0.0,9,34.6,6,23.1,0,3,0.0,33.3
Iselia,0,0.0,0,0.0,0,0.0,0,0.0,0,0.0,0,0.0,0,0,0.0,0.0
Aeilene,0,0.0,0,0.0,0,0.0,0,0.0,0,0.0,0,0.0,0,0,0.0,0.0
Neal,0,0.0,0,0.0,0,0.0,0,0.0,0,0.0,0,0.0,0,0,0.0,0.0
Sorin,0,0.0,0,0.0,0,0.0,0,0.0,0,0.0,0,0.0,0,0,0.0,0.0
Imp,0,0.0,0,0.0,0,0.0,0,0.0,0,0.0,0,0.0,0,0,0.0,0.0
Fynn,0,0.0,0,0.0,0,0.0,0,0.0,0,0.0,0,0.0,0,0,0.0,0.0
Cogma,0,0.0,0,0.0,0,0.0,0,0.0,0,0.0,0,0.0,0,0,0.0,0.0
Ralph,0,0.0,0,0.0,0,0.0,0,0.0,0,0.0,0,0.0,0,0,0.0,0.0
Taru,2,0.2,0,0.0,0,0.0,0,0.0,0,0.0,0,0.0,0,0,0.0,0.0
Garok,0,0.0,0,0.0,0,0.0,0,0.0,0,0.0,0,0.0,0,0,0.0,0.0
Pixie,0,0.0,0,0.0,0,0.0,0,0.0,0,0.0,0,0.0,0,0,0.0,0.0
Kacey,0,0.0,0,0.0,0,0.0,0,0.0,0,0.0,0,0.0,0,0,0.0,0.0
Tatu,0,0.0,0,0.0,0,0.0,0,0.0,0,0.0,0,0.0,0,0,0.0,0.0
Shannon,0,0.0,0,0.0,0,0.0,0,0.0,0,0.0,0,0.0,0,0,0.0,0.0
Cheryl,0,0.0,0,0.0,0,0.0,0,0.0,0,0.0,0,0.0,0,0,0.0,0.0
Camaryn,0,0.0,0,0.0,0,0.0,0,0.0,0,0.0,0,0.0,0,0,0.0,0.0
Yeti,0,0.0,0,0.0,0,0.0,0,0.0,0,0.0,0,0.0,0,0,0.0,0.0
Kunda,0,0.0,0,0.0,0,0.0,0,0.0,0,0.0,0,0.0,0,0,0.0,0.0
Tantra,0,0.0,0,0.0,0,0.0,0,0.0,0,0.0,0,0.0,0,0,0.0,0.0
Rakaja,0,0.0,0,0.0,0,0.0,0,0.0,0,0.0,0,0.0,0,0,0.0,0.0
Arkajan,0,0.0,0,0.0,0,0.0,0,0.0,0,0.0,0,0.0,0,0,0.0,0.0
Kumae,0,0.0,0,0.0,0,0.0,0,0.0,0,0.0,0,0.0,0,0,0.0,0.0
Harpy,0,0.0,0,0.0,0,0.0,0,0.0,0,0.0,0,0.0,0,0,0.0,0.0
Ramira,0,0.0,0,0.0,0,0.0,0,0.0,0,0.0,0,0.0,0,0,0.0,0.0
Lucasha,0,0.0,0,0.0,0,0.0,0,0.0,0,0.0,0,0.0,0,0,0.0,0.0
Prilea,0,0.0,0,0.0,0,0.0,0,0.0,0,0.0,0,0.0,0,0,0.0,0.0
Kabilla,0,0.0,0,0.0,0,0.0,0,0.0,0,0.0,0,0.0,0,0,0.0,0.0
Hellea,0,0.0,0,0.0,0,0.0,0,0.0,0,0.0,0,0.0,0,0,0.0,0.0
Hellhound,0,0.0,0,0.0,0,0.0,0,0.0,0,0.0,0,0.0,0,0,0.0,0.0
Tarq,0,0.0,0,0.0,0,0.0,0,0.0,0,0.0,0,0.0,0,0,0.0,0.0
Sieq,0,0.0,0,0.0,0,0.0,0,0.0,0,0.0,0,0.0,0,0,0.0,0.0
Gamir,0,0.0,0,0.0,0,0.0,0,0.0,0,0.0,0,0.0,0,0,0.0,0.0
Shamar,0,0.0,0,0.0,0,0.0,0,0.0,0,0.0,0,0.0,0,0,0.0,0.0
Shumar,0,0.0,0,0.0,0,0.0,0,0.0,0,0.0,0,0.0,0,0,0.0,0.0
Warbear,0,0.0,0,0.0,0,0.0,0,0.0,0,0.0,0,0.0,0,0,0.0,0.0
Dagora,0,0.0,0,0.0,0,0.0,0,0.0,0,0.0,0,0.0,0,0,0.0,0.0
Ursha,0,0.0,0,0.0,0,0.0,0,0.0,0,0.0,0,0.0,0,0,0.0,0.0
Ramagos,0,0.0,0,0.0,0,0.0,0,0.0,0,0.0,0,0.0,0,0,0.0,0.0
Lusha,0,0.0,0,0.0,0,0.0,0,0.0,0,0.0,0,0.0,0,0,0.0,0.0
Gorgo,0,0.0,0,0.0,0,0.0,0,0.0,0,0.0,0,0.0,0,0,0.0,0.0
Elemental,0,0.0,0,0.0,0,0.0,0,0.0,0,0.0,0,0.0,0,0,0.0,0.0
Daharenos,0,0.0,0,0.0,0,0.0,0,0.0,0,0.0,0,0.0,0,0,0.0,0.0
Bremis,0,0.0,0,0.0,0,0.0,0,0.0,0,0.0,0,0.0,0,0,0.0,0.0
Taharus,0,0.0,0,0.0,0,0.0,0,0.0,0,0.0,0,0.0,0,0,0.0,0.0
Priz,0,0.0,0,0.0,0,0.0,0,0.0,0,0.0,0,0.0,0,0,0.0,0.0
Camules,0,0.0,0,0.0,0,0.0,0,0.0,0,0.0,0,0.0,0,0,0.0,0.0
Garuda,0,0.0,0,0.0,0,0.0,0,0.0,0,0.0,0,0.0,0,0,0.0,0.0
Konamiya,16,1.5,8,50.0,0,0.0,0,0.0,1,6.2,1,11.1,0,0,0.0,0.0
Cahule,0,0.0,0,0.0,0,0.0,0,0.0,0,0.0,0,0.0,0,0,0.0,0.0
Lindermen,0,0.0,0,0.0,0,0.0,0,0.0,0,0.0,0,0.0,0,0,0.0,0.0
Teon,0,0.0,0,0.0,0,0.0,0,0.0,0,0.0,0,0.0,0,0,0.0,0.0
Rizak,0,0.0,0,0.0,0,0.0,0,0.0,0,0.0,0,0.0,0,0,0.0,0.0
Inugami,0,0.0,0,0.0,0,0.0,0,0.0,0,0.0,0,0.0,0,0,0.0,0.0
Icaru,0,0.0,0,0.0,0,0.0,0,0.0,0,0.0,0,0.0,0,0,0.0,0.0
Raoq,2,0.2,0,0.0,0,0.0,0,0.0,1,50.0,1,50.0,0,0,0.0,0.0
Ramahan,0,0.0,0,0.0,0,0.0,0,0.0,0,0.0,0,0.0,0,0,0.0,0.0
Belladeon,0,0.0,0,0.0,0,0.0,0,0.0,0,0.0,0,0.0,0,0,0.0,0.0
Kro,0,0.0,0,0.0,0,0.0,0,0.0,0,0.0,0,0.0,0,0,0.0,0.0
Salamander,0,0.0,0,0.0,0,0.0,0,0.0,0,0.0,0,0.0,0,0,0.0,0.0
Kaimann,0,0.0,0,0.0,0,0.0,0,0.0,0,0.0,0,0.0,0,0,0.0,0.0
Krakdon,0,0.0,0,0.0,0,0.0,0,0.0,0,0.0,0,0.0,0,0,0.0,0.0
Lukan,0,0.0,0,0.0,0,0.0,0,0.0,0,0.0,0,0.0,0,0,0.0,0.0
Sharman,0,0.0,0,0.0,0,0.0,0,0.0,0,0.0,0,0.0,0,0,0.0,0.0
Decamaron,0,0.0,0,0.0,0,0.0,0,0.0,0,0.0,0,0.0,0,0,0.0,0.0
Nine-tailedFox,0,0.0,0,0.0,0,0.0,0,0.0,0,0.0,0,0.0,0,0,0.0,0.0
Soha,0,0.0,0,0.0,0,0.0,0,0.0,0,0.0,0,0.0,0,0,0.0,0.0
Shihwa,0,0.0,0,0.0,0,0.0,0,0.0,0,0.0,0,0.0,0,0,0.0,0.0
Arang,0,0.0,0,0.0,0,0.0,0,0.0,0,0.0,0,0.0,0,0,0.0,0.0
Chamie,0,0.0,0,0.0,0,0.0,0,0.0,0,0.0,0,0.0,0,0,0.0,0.0
Kamiya,0,0.0,0,0.0,0,0.0,0,0.0,0,0.0,0,0.0,0,0,0.0,0.0
Serpent,0,0.0,0,0.0,0,0.0,0,0.0,0,0.0,0,0.0,0,0,0.0,0.0
Shailoq,0,0.0,0,0.0,0,0.0,0,0.0,0,0.0,0,0.0,0,0,0.0,0.0
Fao,0,0.0,0,0.0,0,0.0,0,0.0,0,0.0,0,0.0,0,0,0.0,0.0
Ermeda,0,0.0,0,0.0,0,0.0,0,0.0,0,0.0,0,0.0,0,0,0.0,0.0
Elpuria,0,0.0,0,0.0,0,0.0,0,0.0,0,0.0,0,0.0,0,0,0.0,0.0
Mantura,0,0.0,0,0.0,0,0.0,0,0.0,0,0.0,0,0.0,0,0,0.0,0.0
Golem,0,0.0,0,0.0,0,0.0,0,0.0,0,0.0,0,0.0,0,0,0.0,0.0
Kuhn,0,0.0,0,0.0,0,0.0,0,0.0,0,0.0,0,0.0,0,0,0.0,0.0
Kugo,0,0.0,0,0.0,0,0.0,0,0.0,0,0.0,0,0.0,0,0,0.0,0.0
Ragion,0,0.0,0,0.0,0,0.0,0,0.0,0,0.0,0,0.0,0,0,0.0,0.0
Groggo,0,0.0,0,0.0,0,0.0,0,0.0,0,0.0,0,0.0,0,0,0.0,0.0
Maggi,0,0.0,0,0.0,0,0.0,0,0.0,0,0.0,0,0.0,0,0,0.0,0.0
Griffon,0,0.0,0,0.0,0,0.0,0,0.0,0,0.0,0,0.0,0,0,0.0,0.0
Kahn,0,0.0,0,0.0,0,0.0,0,0.0,0,0.0,0,0.0,0,0,0.0,0.0
Spectra,0,0.0,0,0.0,0,0.0,0,0.0,0,0.0,0,0.0,0,0,0.0,0.0
Bernard,17,1.6,11,64.7,2,12.5,0,0.0,0,0.0,3,23.1,0,0,0.0,0.0
Shamann,0,0.0,0,0.0,0,0.0,0,0.0,0,0.0,0,0.0,0,0,0.0,0.0
Varus,0,0.0,0,0.0,0,0.0,0,0.0,0,0.0,0,0.0,0,0,0.0,0.0
Undine,0,0.0,0,0.0,0,0.0,0,0.0,0,0.0,0,0.0,0,0,0.0,0.0
Mikene,0,0.0,0,0.0,0,0.0,0,0.0,0,0.0,0,0.0,0,0,0.0,0.0
Atenai,0,0.0,0,0.0,0,0.0,0,0.0,0,0.0,0,0.0,0,0,0.0,0.0
Delphoi,0,0.0,0,0.0,0,0.0,0,0.0,0,0.0,0,0.0,0,0,0.0,0.0
Icasha,0,0.0,0,0.0,0,0.0,0,0.0,0,0.0,0,0.0,0,0,0.0,0.0
Tilasha,0,0.0,0,0.0,0,0.0,0,0.0,0,0.0,0,0.0,0,0,0.0,0.0
Inferno,0,0.0,0,0.0,0,0.0,0,0.0,0,0.0,0,0.0,0,0,0.0,0.0
Purian,0,0.0,0,0.0,0,0.0,0,0.0,0,0.0,0,0.0,0,0,0.0,0.0
Tagaros,0,0.0,0,0.0,0,0.0,0,0.0,0,0.0,0,0.0,0,0,0.0,0.0
Anduril,0,0.0,0,0.0,0,0.0,0,0.0,0,0.0,0,0.0,0,0,0.0,0.0
Eludain,0,0.0,0,0.0,0,0.0,0,0.0,0,0.0,0,0.0,0,0,0.0,0.0
Drogan,0,0.0,0,0.0,0,0.0,0,0.0,0,0.0,0,0.0,0,0,0.0,0.0
Sylph,0,0.0,0,0.0,0,0.0,0,0.0,0,0.0,0,0.0,0,0,0.0,0.0
Tyron,2,0.2,1,50.0,2,100.0,0,0.0,2,100.0,0,0.0,0,1,0.0,50.0
Baretta,0,0.0,0,0.0,0,0.0,0,0.0,0,0.0,0,0.0,0,0,0.0,0.0
Shimitae,42,3.9,18,42.9,24,57.1,1,2.4,5,11.9,4,12.5,1,3,100.0,60.0
Eredas,0,0.0,0,0.0,0,0.0,0,0.0,0,0.0,0,0.0,0,0,0.0,0.0
Aschubel,6,0.6,4,66.7,2,33.3,1,16.7,2,33.3,2,40.0,0,1,0.0,50.0
Sylphid,0,0.0,0,0.0,0,0.0,0,0.0,0,0.0,0,0.0,0,0,0.0,0.0
Lumirecia,0,0.0,0,0.0,0,0.0,0,0.0,0,0.0,0,0.0,0,0,0.0,0.0
Fria,1,0.1,0,0.0,1,100.0,0,0.0,0,0.0,0,0.0,0,0,0.0,0.0
Acasis,0,0.0,0,0.0,0,0.0,0,0.0,0,0.0,0,0.0,0,0,0.0,0.0
Mihael,0,0.0,0,0.0,0,0.0,0,0.0,0,0.0,0,0.0,0,0,0.0,0.0
Icares,30,2.8,19,63.3,2,9.1,0,0.0,4,13.3,6,21.4,0,4,0.0,100.0
HighElemental,0,0.0,0,0.0,0,0.0,0,0.0,0,0.0,0,0.0,0,0,0.0,0.0
Ellena,0,0.0,0,0.0,0,0.0,0,0.0,0,0.0,0,0.0,0,0,0.0,0.0
Kahli,12,1.1,5,41.7,0,0.0,0,0.0,0,0.0,2,22.2,0,0,0.0,0.0
Moria,0,0.0,0,0.0,0,0.0,0,0.0,0,0.0,0,0.0,0,0,0.0,0.0
Shren,0,0.0,0,0.0,0,0.0,0,0.0,0,0.0,0,0.0,0,0,0.0,0.0
Jumaline,0,0.0,0,0.0,0,0.0,0,0.0,0,0.0,0,0.0,0,0,0.0,0.0
Harpu,0,0.0,0,0.0,0,0.0,0,0.0,0,0.0,0,0.0,0,0,0.0,0.0
Sisroo,0,0.0,0,0.0,0,0.0,0,0.0,0,0.0,0,0.0,0,0,0.0,0.0
Colleen,0,0.0,0,0.0,0,0.0,0,0.0,0,0.0,0,0.0,0,0,0.0,0.0
Seal,0,0.0,0,0.0,0,0.0,0,0.0,0,0.0,0,0.0,0,0,0.0,0.0
Sia,0,0.0,0,0.0,0,0.0,0,0.0,0,0.0,0,0.0,0,0,0.0,0.0
Seren,0,0.0,0,0.0,0,0.0,0,0.0,0,0.0,0,0.0,0,0,0.0,0.0
Slime,0,0.0,0,0.0,0,0.0,0,0.0,0,0.0,0,0.0,0,0,0.0,0.0
ForestKeeper,0,0.0,0,0.0,0,0.0,0,0.0,0,0.0,0,0.0,0,0,0.0,0.0
Mushroom,0,0.0,0,0.0,0,0.0,0,0.0,0,0.0,0,0.0,0,0,0.0,0.0
ManedBoar,0,0.0,0,0.0,0,0.0,0,0.0,0,0.0,0,0.0,0,0,0.0,0.0
MonsterFlower,0,0.0,0,0.0,0,0.0,0,0.0,0,0.0,0,0.0,0,0,0.0,0.0
Ghost,0,0.0,0,0.0,0,0.0,0,0.0,0,0.0,0,0.0,0,0,0.0,0.0
LowElemental,0,0.0,0,0.0,0,0.0,0,0.0,0,0.0,0,0.0,0,0,0.0,0.0
Tigresse,0,0.0,0,0.0,0,0.0,0,0.0,0,0.0,0,0.0,0,0,0.0,0.0
Lamor,0,0.0,0,0.0,0,0.0,0,0.0,0,0.0,0,0.0,0,0,0.0,0.0
Samour,0,0.0,0,0.0,0,0.0,0,0.0,0,0.0,0,0.0,0,0,0.0,0.0
Varis,0,0.0,0,0.0,0,0.0,0,0.0,0,0.0,0,0.0,0,0,0.0,0.0
Havana,0,0.0,0,0.0,0,0.0,0,0.0,0,0.0,0,0.0,0,0,0.0,0.0
Mimick,0,0.0,0,0.0,0,0.0,0,0.0,0,0.0,0,0.0,0,0,0.0,0.0
HornedFrog,0,0.0,0,0.0,0,0.0,0,0.0,0,0.0,0,0.0,0,0,0.0,0.0
Sandman,0,0.0,0,0.0,0,0.0,0,0.0,0,0.0,0,0.0,0,0,0.0,0.0
Howl,0,0.0,0,0.0,0,0.0,0,0.0,0,0.0,0,0.0,0,0,0.0,0.0
Lulu,76,7.1,39,51.3,1,8.3,0,0.0,5,6.6,10,14.9,0,2,0.0,40.0
Lala,0,0.0,0,0.0,0,0.0,0,0.0,0,0.0,0,0.0,0,0,0.0,0.0
Chichi,0,0.0,0,0.0,0,0.0,0,0.0,0,0.0,0,0.0,0,0,0.0,0.0
Shushu,4,0.4,0,0.0,0,0.0,0,0.0,0,0.0,0,0.0,0,0,0.0,0.0
Chacha,4,0.4,1,25.0,0,0.0,0,0.0,2,50.0,0,0.0,0,0,0.0,0.0
Succubus,0,0.0,0,0.0,0,0.0,0,0.0,0,0.0,0,0.0,0,0,0.0,0.0
Izaria,0,0.0,0,0.0,0,0.0,0,0.0,0,0.0,0,0.0,0,0,0.0,0.0
Akia,2,0.2,1,50.0,1,100.0,0,0.0,1,50.0,1,50.0,0,0,0.0,0.0
Selena,0,0.0,0,0.0,0,0.0,0,0.0,0,0.0,0,0.0,0,0,0.0,0.0
Aria,0,0.0,0,0.0,0,0.0,0,0.0,0,0.0,0,0.0,0,0,0.0,0.0
Isael,0,0.0,0,0.0,0,0.0,0,0.0,0,0.0,0,0.0,0,0,0.0,0.0
Joker,0,0.0,0,0.0,0,0.0,0,0.0,0,0.0,0,0.0,0,0,0.0,0.0
Sian,19,1.8,8,42.1,0,0.0,0,0.0,10,52.6,10,55.6,0,7,0.0,70.0
Jojo,0,0.0,0,0.0,0,0.0,0,0.0,0,0.0,0,0.0,0,0,0.0,0.0
Lushen,53,5.0,24,45.3,0,0.0,0,0.0,10,18.9,23,43.4,0,6,0.0,60.0
Figaro,0,0.0,0,0.0,0,0.0,0,0.0,0,0.0,0,0.0,0,0,0.0,0.0
Liebli,1,0.1,1,100.0,0,0.0,0,0.0,0,0.0,0,0.0,0,0,0.0,0.0
Ninja,0,0.0,0,0.0,0,0.0,0,0.0,0,0.0,0,0.0,0,0,0.0,0.0
Susano,0,0.0,0,0.0,0,0.0,0,0.0,0,0.0,0,0.0,0,0,0.0,0.0
Garo,11,1.0,1,9.1,1,9.1,0,0.0,1,9.1,2,25.0,0,0,0.0,0.0
Orochi,0,0.0,0,0.0,0,0.0,0,0.0,0,0.0,0,0.0,0,0,0.0,0.0
Gin,0,0.0,0,0.0,0,0.0,0,0.0,0,0.0,0,0.0,0,0,0.0,0.0
Han,116,10.9,87,75.0,20,17.4,5,4.3,12,10.3,28,24.1,2,9,40.0,75.0
SurpriseBox,0,0.0,0,0.0,0,0.0,0,0.0,0,0.0,0,0.0,0,0,0.0,0.0
Bearman,0,0.0,0,0.0,0,0.0,0,0.0,0,0.0,0,0.0,0,0,0.0,0.0
Gruda,0,0.0,0,0.0,0,0.0,0,0.0,0,0.0,0,0.0,0,0,0.0,0.0
Kungen,0,0.0,0,0.0,0,0.0,0,0.0,0,0.0,0,0.0,0,0,0.0,0.0
Dagorr,0,0.0,0,0.0,0,0.0,0,0.0,0,0.0,0,0.0,0,0,0.0,0.0
Ahman,0,0.0,0,0.0,0,0.0,0,0.0,0,0.0,0,0.0,0,0,0.0,0.0
Haken,0,0.0,0,0.0,0,0.0,0,0.0,0,0.0,0,0.0,0,0,0.0,0.0
Valkyrja,0,0.0,0,0.0,0,0.0,0,0.0,0,0.0,0,0.0,0,0,0.0,0.0
Camilla,1,0.1,0,0.0,0,0.0,0,0.0,0,0.0,0,0.0,0,0,0.0,0.0
Vanessa,161,15.1,80,49.7,129,80.1,12,7.5,17,10.6,28,17.5,5,9,41.7,52.9
Katarina,0,0.0,0,0.0,0,0.0,0,0.0,0,0.0,0,0.0,0,0,0.0,0.0
Akroma,44,4.1,26,59.1,26,59.1,0,0.0,5,11.4,9,20.9,0,3,0.0,60.0
Trinity,8,0.8,4,50.0,7,87.5,0,0.0,2,25.0,1,14.3,0,0,0.0,0.0
Pierret,0,0.0,0,0.0,0,0.0,0,0.0,0,0.0,0,0.0,0,0,0.0,0.0
Julie,8,0.8,5,62.5,0,0.0,0,0.0,5,62.5,2,40.0,0,4,0.0,80.0
Clara,3,0.3,1,33.3,1,100.0,0,0.0,1,33.3,2,66.7,0,1,0.0,100.0
Sophia,0,0.0,0,0.0,0,0.0,0,0.0,0,0.0,0,0.0,0,0,0.0,0.0
Eva,0,0.0,0,0.0,0,0.0,0,0.0,0,0.0,0,0.0,0,0,0.0,0.0
Luna,0,0.0,0,0.0,0,0.0,0,0.0,0,0.0,0,0.0,0,0,0.0,0.0
Werewolf,0,0.0,0,0.0,0,0.0,0,0.0,0,0.0,0,0.0,0,0,0.0,0.0
Vigor,290,27.2,137,47.2,1,0.6,15,5.2,34,11.7,33,12.0,7,17,46.7,50.0
Garoche,0,0.0,0,0.0,0,0.0,0,0.0,0,0.0,0,0.0,0,0,0.0,0.0
Shakan,0,0.0,0,0.0,0,0.0,0,0.0,0,0.0,0,0.0,0,0,0.0,0.0
Eshir,95,8.9,55,57.9,1,1.6,3,3.2,13,13.7,18,21.7,2,8,66.7,61.5
Jultan,1,0.1,0,0.0,0,0.0,0,0.0,0,0.0,0,0.0,0,0,0.0,0.0
PhantomThief,0,0.0,0,0.0,0,0.0,0,0.0,0,0.0,0,0.0,0,0,0.0,0.0
Luer,0,0.0,0,0.0,0,0.0,0,0.0,0,0.0,0,0.0,0,0,0.0,0.0
Jean,0,0.0,0,0.0,0,0.0,0,0.0,0,0.0,0,0.0,0,0,0.0,0.0
Julien,0,0.0,0,0.0,0,0.0,0,0.0,0,0.0,0,0.0,0,0,0.0,0.0
Louis,0,0.0,0,0.0,0,0.0,0,0.0,0,0.0,0,0.0,0,0,0.0,0.0
Guillaume,0,0.0,0,0.0,0,0.0,0,0.0,0,0.0,0,0.0,0,0,0.0,0.0
Angelmon,0,0.0,0,0.0,0,0.0,0,0.0,0,0.0,0,0.0,0,0,0.0,0.0
BlueAngelmon,0,0.0,0,0.0,0,0.0,0,0.0,0,0.0,0,0.0,0,0,0.0,0.0
RedAngelmon,0,0.0,0,0.0,0,0.0,0,0.0,0,0.0,0,0.0,0,0,0.0,0.0
GoldAngelmon,0,0.0,0,0.0,0,0.0,0,0.0,0,0.0,0,0.0,0,0,0.0,0.0
WhiteAngelmon,0,0.0,0,0.0,0,0.0,0,0.0,0,0.0,0,0.0,0,0,0.0,0.0
DarkAngelmon,0,0.0,0,0.0,0,0.0,0,0.0,0,0.0,0,0.0,0,0,0.0,0.0
Dragon,0,0.0,0,0.0,0,0.0,0,0.0,0,0.0,0,0.0,0,0,0.0,0.0
Verad,5,0.5,2,40.0,0,0.0,0,0.0,3,60.0,1,100.0,0,0,0.0,0.0
Zaiross,1,0.1,1,100.0,0,0.0,0,0.0,0,0.0,0,0.0,0,0,0.0,0.0
Jamire,23,2.2,12,52.2,14,60.9,0,0.0,2,8.7,3,23.1,0,1,0.0,50.0
Zerath,0,0.0,0,0.0,0,0.0,0,0.0,0,0.0,0,0.0,0,0,0.0,0.0
Grogen,1,0.1,0,0.0,1,100.0,0,0.0,0,0.0,0,0.0,0,0,0.0,0.0
Phoenix,0,0.0,0,0.0,0,0.0,0,0.0,0,0.0,0,0.0,0,0,0.0,0.0
Sigmarus,0,0.0,0,0.0,0,0.0,0,0.0,0,0.0,0,0.0,0,0,0.0,0.0
Perna,4,0.4,1,25.0,0,0.0,0,0.0,1,25.0,0,0.0,0,0,0.0,0.0
Teshar,0,0.0,0,0.0,0,0.0,0,0.0,0,0.0,0,0.0,0,0,0.0,0.0
Eludia,3,0.3,2,66.7,0,0.0,0,0.0,0,0.0,1,50.0,0,0,0.0,0.0
Jaara,0,0.0,0,0.0,0,0.0,0,0.0,0,0.0,0,0.0,0,0,0.0,0.0
Chimera,0,0.0,0,0.0,0,0.0,0,0.0,0,0.0,0,0.0,0,0,0.0,0.0
Taor,0,0.0,0,0.0,0,0.0,0,0.0,0,0.0,0,0.0,0,0,0.0,0.0
Rakan,3,0.3,2,66.7,0,0.0,0,0.0,1,33.3,1,100.0,0,0,0.0,0.0
Lagmaron,3,0.3,0,0.0,0,0.0,0,0.0,1,33.3,0,0.0,0,0,0.0,0.0
Shan,18,1.7,8,44.4,3,16.7,0,0.0,3,16.7,3,37.5,0,2,0.0,66.7
Zeratu,5,0.5,4,80.0,0,0.0,0,0.0,0,0.0,0,0.0,0,0,0.0,0.0
Vampire,0,0.0,0,0.0,0,0.0,0,0.0,0,0.0,0,0.0,0,0,0.0,0.0
Liesel,0,0.0,0,0.0,0,0.0,0,0.0,0,0.0,0,0.0,0,0,0.0,0.0
Verdehile,304,28.5,146,48.0,1,0.4,3,1.0,34,11.2,79,26.3,2,17,66.7,50.0
Argen,0,0.0,0,0.0,0,0.0,0,0.0,0,0.0,0,0.0,0,0,0.0,0.0
Julianne,5,0.5,2,40.0,0,0.0,0,0.0,2,40.0,0,0.0,0,2,0.0,100.0
Cadiz,0,0.0,0,0.0,0,0.0,0,0.0,0,0.0,0,0.0,0,0,0.0,0.0
Viking,0,0.0,0,0.0,0,0.0,0,0.0,0,0.0,0,0.0,0,0,0.0,0.0
Huga,0,0.0,0,0.0,0,0.0,0,0.0,0,0.0,0,0.0,0,0,0.0,0.0
Geoffrey,0,0.0,0,0.0,0,0.0,0,0.0,0,0.0,0,0.0,0,0,0.0,0.0
Walter,0,0.0,0,0.0,0,0.0,0,0.0,0,0.0,0,0.0,0,0,0.0,0.0
Jansson,0,0.0,0,0.0,0,0.0,0,0.0,0,0.0,0,0.0,0,0,0.0,0.0
Janssen,0,0.0,0,0.0,0,0.0,0,0.0,0,0.0,0,0.0,0,0,0.0,0.0
Amazon,0,0.0,0,0.0,0,0.0,0,0.0,0,0.0,0,0.0,0,0,0.0,0.0
Ellin,0,0.0,0,0.0,0,0.0,0,0.0,0,0.0,0,0.0,0,0,0.0,0.0
Ceres,0,0.0,0,0.0,0,0.0,0,0.0,0,0.0,0,0.0,0,0,0.0,0.0
Hina,0,0.0,0,0.0,0,0.0,0,0.0,0,0.0,0,0.0,0,0,0.0,0.0
Lyn,0,0.0,0,0.0,0,0.0,0,0.0,0,0.0,0,0.0,0,0,0.0,0.0
Mara,0,0.0,0,0.0,0,0.0,0,0.0,0,0.0,0,0.0,0,0,0.0,0.0
MartialCat,0,0.0,0,0.0,0,0.0,0,0.0,0,0.0,0,0.0,0,0,0.0,0.0
Mina,31,2.9,18,58.1,0,0.0,0,0.0,11,35.5,4,14.8,0,8,0.0,72.7
Mei,0,0.0,0,0.0,0,0.0,0,0.0,0,0.0,0,0.0,0,0,0.0,0.0
Naomi,0,0.0,0,0.0,0,0.0,0,0.0,0,0.0,0,0.0,0,0,0.0,0.0
XiaoLing,0,0.0,0,0.0,0,0.0,0,0.0,0,0.0,0,0.0,0,0,0.0,0.0
Miho,49,4.6,24,49.0,1,2.6,1,2.0,14,28.6,7,22.6,1,8,100.0,57.1
Vagabond,0,0.0,0,0.0,0,0.0,0,0.0,0,0.0,0,0.0,0,0,0.0,0.0
Allen,0,0.0,0,0.0,0,0.0,0,0.0,0,0.0,0,0.0,0,0,0.0,0.0
Kaien,0,0.0,0,0.0,0,0.0,0,0.0,0,0.0,0,0.0,0,0,0.0,0.0
Roid,0,0.0,0,0.0,0,0.0,0,0.0,0,0.0,0,0.0,0,0,0.0,0.0
Darion,0,0.0,0,0.0,0,0.0,0,0.0,0,0.0,0,0.0,0,0,0.0,0.0
Jubelle,0,0.0,0,0.0,0,0.0,0,0.0,0,0.0,0,0.0,0,0,0.0,0.0
EpikionPriest,0,0.0,0,0.0,0,0.0,0,0.0,0,0.0,0,0.0,0,0,0.0,0.0
Rina,0,0.0,0,0.0,0,0.0,0,0.0,0,0.0,0,0.0,0,0,0.0,0.0
Chloe,0,0.0,0,0.0,0,0.0,0,0.0,0,0.0,0,0.0,0,0,0.0,0.0
Michelle,0,0.0,0,0.0,0,0.0,0,0.0,0,0.0,0,0.0,0,0,0.0,0.0
Iona,0,0.0,0,0.0,0,0.0,0,0.0,0,0.0,0,0.0,0,0,0.0,0.0
Rasheed,0,0.0,0,0.0,0,0.0,0,0.0,0,0.0,0,0.0,0,0,0.0,0.0
MagicalArcher,0,0.0,0,0.0,0,0.0,0,0.0,0,0.0,0,0.0,0,0,0.0,0.0
Sharron,0,0.0,0,0.0,0,0.0,0,0.0,0,0.0,0,0.0,0,0,0.0,0.0
Cassandra,0,0.0,0,0.0,0,0.0,0,0.0,0,0.0,0,0.0,0,0,0.0,0.0
Ardella,0,0.0,0,0.0,0,0.0,0,0.0,0,0.0,0,0.0,0,0,0.0,0.0
Chris,3,0.3,0,0.0,1,100.0,0,0.0,1,33.3,0,0.0,0,0,0.0,0.0
Bethony,0,0.0,0,0.0,0,0.0,0,0.0,0,0.0,0,0.0,0,0,0.0,0.0
Rakshasa,0,0.0,0,0.0,0,0.0,0,0.0,0,0.0,0,0.0,0,0,0.0,0.0
Su,0,0.0,0,0.0,0,0.0,0,0.0,0,0.0,0,0.0,0,0,0.0,0.0
Hwa,0,0.0,0,0.0,0,0.0,0,0.0,0,0.0,0,0.0,0,0,0.0,0.0
Yen,1,0.1,0,0.0,0,0.0,0,0.0,1,100.0,0,0.0,0,0,0.0,0.0
Pang,0,0.0,0,0.0,0,0.0,0,0.0,0,0.0,0,0.0,0,0,0.0,0.0
Ran,0,0.0,0,0.0,0,0.0,0,0.0,0,0.0,0,0.0,0,0,0.0,0.0
BountyHunter,0,0.0,0,0.0,0,0.0,0,0.0,0,0.0,0,0.0,0,0,0.0,0.0
Wayne,0,0.0,0,0.0,0,0.0,0,0.0,0,0.0,0,0.0,0,0,0.0,0.0
Randy,0,0.0,0,0.0,0,0.0,0,0.0,0,0.0,0,0.0,0,0,0.0,0.0
Roger,0,0.0,0,0.0,0,0.0,0,0.0,0,0.0,0,0.0,0,0,0.0,0.0
Walkers,1,0.1,0,0.0,0,0.0,0,0.0,0,0.0,0,0.0,0,0,0.0,0.0
Jamie,0,0.0,0,0.0,0,0.0,0,0.0,0,0.0,0,0.0,0,0,0.0,0.0
Oracle,0,0.0,0,0.0,0,0.0,0,0.0,0,0.0,0,0.0,0,0,0.0,0.0
Praha,63,5.9,29,46.0,14,23.0,1,1.6,9,14.3,14,22.2,1,6,100.0,66.7
Juno,280,26.3,121,43.2,31,11.7,2,0.7,49,17.5,50,18.0,0,26,0.0,53.1
Seara,792,74.4,412,52.0,503,63.5,336,42.4,14,1.8,136,17.3,154,7,45.8,50.0
Laima,5,0.5,2,40.0,0,0.0,0,0.0,2,40.0,1,50.0,0,1,0.0,50.0
Giana,402,37.7,249,61.9,40,10.9,67,16.7,4,1.0,133,33.1,45,3,67.2,75.0
ImpChampion,0,0.0,0,0.0,0,0.0,0,0.0,0,0.0,0,0.0,0,0,0.0,0.0
Yaku,0,0.0,0,0.0,0,0.0,0,0.0,0,0.0,0,0.0,0,0,0.0,0.0
Fairo,0,0.0,0,0.0,0,0.0,0,0.0,0,0.0,0,0.0,0,0,0.0,0.0
Pigma,0,0.0,0,0.0,0,0.0,0,0.0,0,0.0,0,0.0,0,0,0.0,0.0
Shaffron,0,0.0,0,0.0,0,0.0,0,0.0,0,0.0,0,0.0,0,0,0.0,0.0
Loque,0,0.0,0,0.0,0,0.0,0,0.0,0,0.0,0,0.0,0,0,0.0,0.0
MysticWitch,0,0.0,0,0.0,0,0.0,0,0.0,0,0.0,0,0.0,0,0,0.0,0.0
Megan,0,0.0,0,0.0,0,0.0,0,0.0,0,0.0,0,0.0,0,0,0.0,0.0
Rebecca,0,0.0,0,0.0,0,0.0,0,0.0,0,0.0,0,0.0,0,0,0.0,0.0
Silia,0,0.0,0,0.0,0,0.0,0,0.0,0,0.0,0,0.0,0,0,0.0,0.0
Linda,0,0.0,0,0.0,0,0.0,0,0.0,0,0.0,0,0.0,0,0,0.0,0.0
Gina,0,0.0,0,0.0,0,0.0,0,0.0,0,0.0,0,0.0,0,0,0.0,0.0
GrimReaper,0,0.0,0,0.0,0,0.0,0,0.0,0,0.0,0,0.0,0,0,0.0,0.0
Hemos,0,0.0,0,0.0,0,0.0,0,0.0,0,0.0,0,0.0,0,0,0.0,0.0
Sath,0,0.0,0,0.0,0,0.0,0,0.0,0,0.0,0,0.0,0,0,0.0,0.0
Hiva,0,0.0,0,0.0,0,0.0,0,0.0,0,0.0,0,0.0,0,0,0.0,0.0
Prom,0,0.0,0,0.0,0,0.0,0,0.0,0,0.0,0,0.0,0,0,0.0,0.0
Thrain,14,1.3,7,50.0,0,0.0,0,0.0,3,21.4,2,14.3,0,2,0.0,66.7
OccultGirl,0,0.0,0,0.0,0,0.0,0,0.0,0,0.0,0,0.0,0,0,0.0,0.0
Anavel,39,3.7,15,38.5,0,0.0,6,15.4,7,17.9,9,24.3,2,3,33.3,42.9
Rica,93,8.7,44,47.3,2,5.6,0,0.0,43,46.2,21,23.1,0,22,0.0,51.2
Charlotte,2,0.2,1,50.0,0,0.0,0,0.0,0,0.0,0,0.0,0,0,0.0,0.0
Lora,4,0.4,4,100.0,0,0.0,0,0.0,2,50.0,0,0.0,0,2,0.0,100.0
Nicki,38,3.6,20,52.6,2,14.3,3,7.9,1,2.6,6,24.0,2,1,66.7,100.0
DeathKnight,0,0.0,0,0.0,0,0.0,0,0.0,0,0.0,0,0.0,0,0,0.0,0.0
Fedora,0,0.0,0,0.0,0,0.0,0,0.0,0,0.0,0,0.0,0,0,0.0,0.0
Arnold,0,0.0,0,0.0,0,0.0,0,0.0,0,0.0,0,0.0,0,0,0.0,0.0
Briand,0,0.0,0,0.0,0,0.0,0,0.0,0,0.0,0,0.0,0,0,0.0,0.0
Conrad,0,0.0,0,0.0,0,0.0,0,0.0,0,0.0,0,0.0,0,0,0.0,0.0
Dias,0,0.0,0,0.0,0,0.0,0,0.0,0,0.0,0,0.0,0,0,0.0,0.0
Lich,0,0.0,0,0.0,0,0.0,0,0.0,0,0.0,0,0.0,0,0,0.0,0.0
Rigel,0,0.0,0,0.0,0,0.0,0,0.0,0,0.0,0,0.0,0,0,0.0,0.0
Antares,20,1.9,14,70.0,2,11.1,0,0.0,11,55.0,6,35.3,0,7,0.0,63.6
Fuco,0,0.0,0,0.0,0,0.0,0,0.0,0,0.0,0,0.0,0,0,0.0,0.0
Halphas,0,0.0,0,0.0,0,0.0,0,0.0,0,0.0,0,0.0,0,0,0.0,0.0
Grego,0,0.0,0,0.0,0,0.0,0,0.0,0,0.0,0,0.0,0,0,0.0,0.0
SkullSoldier,0,0.0,0,0.0,0,0.0,0,0.0,0,0.0,0,0.0,0,0,0.0,0.0
LivingArmor,0,0.0,0,0.0,0,0.0,0,0.0,0,0.0,0,0.0,0,0,0.0,0.0
Nickel,0,0.0,0,0.0,0,0.0,0,0.0,0,0.0,0,0.0,0,0,0.0,0.0
Iron,0,0.0,0,0.0,0,0.0,0,0.0,0,0.0,0,0.0,0,0,0.0,0.0
Copper,0,0.0,0,0.0,0,0.0,0,0.0,0,0.0,0,0.0,0,0,0.0,0.0
Silver,0,0.0,0,0.0,0,0.0,0,0.0,0,0.0,0,0.0,0,0,0.0,0.0
Zinc,0,0.0,0,0.0,0,0.0,0,0.0,0,0.0,0,0.0,0,0,0.0,0.0
DragonKnight,0,0.0,0,0.0,0,0.0,0,0.0,0,0.0,0,0.0,0,0,0.0,0.0
Chow,5,0.5,3,60.0,0,0.0,0,0.0,0,0.0,0,0.0,0,0,0.0,0.0
Laika,39,3.7,13,33.3,8,21.6,0,0.0,15,38.5,7,23.3,0,2,0.0,13.3
Leo,191,17.9,95,49.7,15,8.1,0,0.0,44,23.0,91,48.1,0,26,0.0,59.1
Jager,155,14.6,83,53.5,54,34.8,3,1.9,8,5.2,14,9.1,2,3,66.7,37.5
Ragdoll,285,26.8,152,53.3,15,5.3,26,9.1,5,1.8,72,25.4,9,0,34.6,0.0
MagicalArcherPromo,0,0.0,0,0.0,0,0.0,0,0.0,0,0.0,0,0.0,0,0,0.0,0.0
Fami,0,0.0,0,0.0,0,0.0,0,0.0,0,0.0,0,0.0,0,0,0.0,0.0
MonkeyKing,0,0.0,0,0.0,0,0.0,0,0.0,0,0.0,0,0.0,0,0,0.0,0.0
ShiHou,27,2.5,9,33.3,0,0.0,0,0.0,4,14.8,5,20.0,0,3,0.0,75.0
MeiHouWang,38,3.6,13,34.2,8,22.9,0,0.0,7,18.4,2,5.3,0,4,0.0,57.1
XingZhe,136,12.8,59,43.4,68,52.3,2,1.5,14,10.3,19,16.0,2,6,100.0,42.9
QitianDasheng,45,4.2,23,51.1,8,20.5,0,0.0,7,15.6,15,33.3,0,3,0.0,42.9
SonZhangLao,12,1.1,3,25.0,4,36.4,0,0.0,0,0.0,0,0.0,0,0,0.0,0.0
Samurai,0,0.0,0,0.0,0,0.0,0,0.0,0,0.0,0,0.0,0,0,0.0,0.0
Kaz,0,0.0,0,0.0,0,0.0,0,0.0,0,0.0,0,0.0,0,0,0.0,0.0
Jun,0,0.0,0,0.0,0,0.0,0,0.0,0,0.0,0,0.0,0,0,0.0,0.0
Kaito,0,0.0,0,0.0,0,0.0,0,0.0,0,0.0,0,0.0,0,0,0.0,0.0
Tosi,0,0.0,0,0.0,0,0.0,0,0.0,0,0.0,0,0.0,0,0,0.0,0.0
Sige,0,0.0,0,0.0,0,0.0,0,0.0,0,0.0,0,0.0,0,0,0.0,0.0
Archangel,0,0.0,0,0.0,0,0.0,0,0.0,0,0.0,0,0.0,0,0,0.0,0.0
Ariel,0,0.0,0,0.0,0,0.0,0,0.0,0,0.0,0,0.0,0,0,0.0,0.0
Velajuel,155,14.6,63,40.6,34,22.1,9,5.8,21,13.5,22,14.2,4,12,44.4,57.1
Eladriel,1,0.1,0,0.0,0,0.0,0,0.0,1,100.0,0,0.0,0,0,0.0,0.0
Artamiel,134,12.6,67,50.0,37,27.6,4,3.0,12,9.0,23,17.7,2,7,50.0,58.3
Fermion,1,0.1,0,0.0,0,0.0,0,0.0,1,100.0,0,0.0,0,0,0.0,0.0
DrunkenMaster,0,0.0,0,0.0,0,0.0,0,0.0,0,0.0,0,0.0,0,0,0.0,0.0
Mao,0,0.0,0,0.0,0,0.0,0,0.0,0,0.0,0,0.0,0,0,0.0,0.0
XiaoChun,0,0.0,0,0.0,0,0.0,0,0.0,0,0.0,0,0.0,0,0,0.0,0.0
Huan,0,0.0,0,0.0,0,0.0,0,0.0,0,0.0,0,0.0,0,0,0.0,0.0
TienQin,0,0.0,0,0.0,0,0.0,0,0.0,0,0.0,0,0.0,0,0,0.0,0.0
WeiShin,0,0.0,0,0.0,0,0.0,0,0.0,0,0.0,0,0.0,0,0,0.0,0.0
KungFuGirl,0,0.0,0,0.0,0,0.0,0,0.0,0,0.0,0,0.0,0,0,0.0,0.0
XiaoLin,0,0.0,0,0.0,0,0.0,0,0.0,0,0.0,0,0.0,0,0,0.0,0.0
HongHua,0,0.0,0,0.0,0,0.0,0,0.0,0,0.0,0,0.0,0,0,0.0,0.0
LingLing,0,0.0,0,0.0,0,0.0,0,0.0,0,0.0,0,0.0,0,0,0.0,0.0
LiuMei,0,0.0,0,0.0,0,0.0,0,0.0,0,0.0,0,0.0,0,0,0.0,0.0
Fei,0,0.0,0,0.0,0,0.0,0,0.0,0,0.0,0,0.0,0,0,0.0,0.0
BeastMonk,0,0.0,0,0.0,0,0.0,0,0.0,0,0.0,0,0.0,0,0,0.0,0.0
Chandra,0,0.0,0,0.0,0,0.0,0,0.0,0,0.0,0,0.0,0,0,0.0,0.0
Kumar,0,0.0,0,0.0,0,0.0,0,0.0,0,0.0,0,0.0,0,0,0.0,0.0
Ritesh,0,0.0,0,0.0,0,0.0,0,0.0,0,0.0,0,0.0,0,0,0.0,0.0
Shazam,0,0.0,0,0.0,0,0.0,0,0.0,0,0.0,0,0.0,0,0,0.0,0.0
Rahul,3,0.3,3,100.0,0,0.0,0,0.0,1,33.3,0,0.0,0,1,0.0,100.0
MischievousBat,0,0.0,0,0.0,0,0.0,0,0.0,0,0.0,0,0.0,0,0,0.0,0.0
BattleScorpion,0,0.0,0,0.0,0,0.0,0,0.0,0,0.0,0,0.0,0,0,0.0,0.0
Minotauros,0,0.0,0,0.0,0,0.0,0,0.0,0,0.0,0,0.0,0,0,0.0,0.0
Urtau,0,0.0,0,0.0,0,0.0,0,0.0,0,0.0,0,0.0,0,0,0.0,0.0
Burentau,0,0.0,0,0.0,0,0.0,0,0.0,0,0.0,0,0.0,0,0,0.0,0.0
Eintau,0,0.0,0,0.0,0,0.0,0,0.0,0,0.0,0,0.0,0,0,0.0,0.0
Grotau,0,0.0,0,0.0,0,0.0,0,0.0,0,0.0,0,0.0,0,0,0.0,0.0
Kamatau,0,0.0,0,0.0,0,0.0,0,0.0,0,0.0,0,0.0,0,0,0.0,0.0
Lizardman,0,0.0,0,0.0,0,0.0,0,0.0,0,0.0,0,0.0,0,0,0.0,0.0
Kernodon,0,0.0,0,0.0,0,0.0,0,0.0,0,0.0,0,0.0,0,0,0.0,0.0
Igmanodon,0,0.0,0,0.0,0,0.0,0,0.0,0,0.0,0,0.0,0,0,0.0,0.0
Velfinodon,0,0.0,0,0.0,0,0.0,0,0.0,0,0.0,0,0.0,0,0,0.0,0.0
Glinodon,0,0.0,0,0.0,0,0.0,0,0.0,0,0.0,0,0.0,0,0,0.0,0.0
Devinodon,0,0.0,0,0.0,0,0.0,0,0.0,0,0.0,0,0.0,0,0,0.0,0.0
HellLady,0,0.0,0,0.0,0,0.0,0,0.0,0,0.0,0,0.0,0,0,0.0,0.0
Beth,0,0.0,0,0.0,0,0.0,0,0.0,0,0.0,0,0.0,0,0,0.0,0.0
Raki,15,1.4,8,53.3,6,42.9,0,0.0,5,33.3,3,20.0,0,4,0.0,80.0
Ethna,93,8.7,32,34.4,13,14.0,1,1.1,18,19.4,17,18.5,0,8,0.0,44.4
Asima,40,3.8,21,52.5,9,23.1,0,0.0,14,35.0,13,36.1,0,8,0.0,57.1
Craka,1,0.1,0,0.0,0,0.0,0,0.0,1,100.0,0,0.0,0,0,0.0,0.0
BrownieMagician,0,0.0,0,0.0,0,0.0,0,0.0,0,0.0,0,0.0,0,0,0.0,0.0
Orion,0,0.0,0,0.0,0,0.0,0,0.0,0,0.0,0,0.0,0,0,0.0,0.0
Draco,18,1.7,6,33.3,1,7.7,2,11.1,0,0.0,2,13.3,0,0,0.0,0.0
Aquila,0,0.0,0,0.0,0,0.0,0,0.0,0,0.0,0,0.0,0,0,0.0,0.0
Gemini,21,2.0,10,47.6,2,10.0,0,0.0,4,19.0,6,28.6,0,2,0.0,50.0
Korona,0,0.0,0,0.0,0,0.0,0,0.0,0,0.0,0,0.0,0,0,0.0,0.0
KoboldBomber,0,0.0,0,0.0,0,0.0,0,0.0,0,0.0,0,0.0,0,0,0.0,0.0
Malaka,1,0.1,0,0.0,1,100.0,0,0.0,0,0.0,0,0.0,0,0,0.0,0.0
Zibrolta,0,0.0,0,0.0,0,0.0,0,0.0,0,0.0,0,0.0,0,0,0.0,0.0
Taurus,0,0.0,0,0.0,0,0.0,0,0.0,0,0.0,0,0.0,0,0,0.0,0.0
Dover,9,0.8,2,22.2,0,0.0,0,0.0,4,44.4,4,50.0,0,2,0.0,50.0
Bering,13,1.2,8,61.5,0,0.0,0,0.0,0,0.0,2,25.0,0,0,0.0,0.0
KingAngelmon,0,0.0,0,0.0,0,0.0,0,0.0,0,0.0,0,0.0,0,0,0.0,0.0
BlueKingAngelmon,0,0.0,0,0.0,0,0.0,0,0.0,0,0.0,0,0.0,0,0,0.0,0.0
RedKingAngelmon,0,0.0,0,0.0,0,0.0,0,0.0,0,0.0,0,0.0,0,0,0.0,0.0
GoldKingAngelmon,0,0.0,0,0.0,0,0.0,0,0.0,0,0.0,0,0.0,0,0,0.0,0.0
WhiteKingAngelmon,0,0.0,0,0.0,0,0.0,0,0.0,0,0.0,0,0.0,0,0,0.0,0.0
DarkKingAngelmon,0,0.0,0,0.0,0,0.0,0,0.0,0,0.0,0,0.0,0,0,0.0,0.0
SkyDancer,0,0.0,0,0.0,0,0.0,0,0.0,0,0.0,0,0.0,0,0,0.0,0.0
Mihyang,0,0.0,0,0.0,0,0.0,0,0.0,0,0.0,0,0.0,0,0,0.0,0.0
Hwahee,0,0.0,0,0.0,0,0.0,0,0.0,0,0.0,0,0.0,0,0,0.0,0.0
Chasun,0,0.0,0,0.0,0,0.0,0,0.0,0,0.0,0,0.0,0,0,0.0,0.0
Yeonhong,123,11.5,58,47.2,24,19.8,0,0.0,10,8.1,18,16.7,0,4,0.0,40.0
Wolyung,48,4.5,29,60.4,25,54.3,5,10.4,3,6.2,21,43.8,2,1,40.0,33.3
Taoist,0,0.0,0,0.0,0,0.0,0,0.0,0,0.0,0,0.0,0,0,0.0,0.0
Gildong,0,0.0,0,0.0,0,0.0,0,0.0,0,0.0,0,0.0,0,0,0.0,0.0
Gunpyeong,0,0.0,0,0.0,0,0.0,0,0.0,0,0.0,0,0.0,0,0,0.0,0.0
Woochi,0,0.0,0,0.0,0,0.0,0,0.0,0,0.0,0,0.0,0,0,0.0,0.0
Hwadam,8,0.8,1,12.5,1,50.0,1,12.5,1,12.5,4,50.0,0,0,0.0,0.0
Woonhak,0,0.0,0,0.0,0,0.0,0,0.0,0,0.0,0,0.0,0,0,0.0,0.0
BeastHunter,0,0.0,0,0.0,0,0.0,0,0.0,0,0.0,0,0.0,0,0,0.0,0.0
Gangchun,0,0.0,0,0.0,0,0.0,0,0.0,0,0.0,0,0.0,0,0,0.0,0.0
Nangrim,0,0.0,0,0.0,0,0.0,0,0.0,0,0.0,0,0.0,0,0,0.0,0.0
Suri,0,0.0,0,0.0,0,0.0,0,0.0,0,0.0,0,0.0,0,0,0.0,0.0
Baekdu,0,0.0,0,0.0,0,0.0,0,0.0,0,0.0,0,0.0,0,0,0.0,0.0
Hanra,0,0.0,0,0.0,0,0.0,0,0.0,0,0.0,0,0.0,0,0,0.0,0.0
Pioneer,0,0.0,0,0.0,0,0.0,0,0.0,0,0.0,0,0.0,0,0,0.0,0.0
Woosa,17,1.6,5,29.4,4,36.4,0,0.0,5,29.4,5,29.4,0,3,0.0,60.0
Chiwu,327,30.7,150,45.9,165,50.5,42,12.8,6,1.8,68,21.1,25,3,59.5,50.0
Pungbaek,1,0.1,0,0.0,0,0.0,0,0.0,0,0.0,0,0.0,0,0,0.0,0.0
Nigong,0,0.0,0,0.0,0,0.0,0,0.0,0,0.0,0,0.0,0,0,0.0,0.0
Woonsa,58,5.4,31,53.4,0,0.0,0,0.0,5,8.6,21,36.8,0,1,0.0,20.0
PenguinKnight,0,0.0,0,0.0,0,0.0,0,0.0,0,0.0,0,0.0,0,0,0.0,0.0
Toma,0,0.0,0,0.0,0,0.0,0,0.0,0,0.0,0,0.0,0,0,0.0,0.0
Naki,0,0.0,0,0.0,0,0.0,0,0.0,0,0.0,0,0.0,0,0,0.0,0.0
Mav,0,0.0,0,0.0,0,0.0,0,0.0,0,0.0,0,0.0,0,0,0.0,0.0
Dona,0,0.0,0,0.0,0,0.0,0,0.0,0,0.0,0,0.0,0,0,0.0,0.0
Kuna,0,0.0,0,0.0,0,0.0,0,0.0,0,0.0,0,0.0,0,0,0.0,0.0
BarbaricKing,0,0.0,0,0.0,0,0.0,0,0.0,0,0.0,0,0.0,0,0,0.0,0.0
Aegir,0,0.0,0,0.0,0,0.0,0,0.0,0,0.0,0,0.0,0,0,0.0,0.0
Surtr,0,0.0,0,0.0,0,0.0,0,0.0,0,0.0,0,0.0,0,0,0.0,0.0
Hraesvelg,0,0.0,0,0.0,0,0.0,0,0.0,0,0.0,0,0.0,0,0,0.0,0.0
Mimirr,0,0.0,0,0.0,0,0.0,0,0.0,0,0.0,0,0.0,0,0,0.0,0.0
Hrungnir,0,0.0,0,0.0,0,0.0,0,0.0,0,0.0,0,0.0,0,0,0.0,0.0
PolarQueen,0,0.0,0,0.0,0,0.0,0,0.0,0,0.0,0,0.0,0,0,0.0,0.0
Alicia,1,0.1,1,100.0,1,100.0,0,0.0,1,100.0,0,0.0,0,1,0.0,100.0
Brandia,2,0.2,1,50.0,0,0.0,0,0.0,0,0.0,0,0.0,0,0,0.0,0.0
Tiana,28,2.6,14,50.0,2,8.7,3,10.7,2,7.1,7,28.0,1,0,33.3,0.0
Elenoa,10,0.9,1,10.0,2,22.2,0,0.0,1,10.0,0,0.0,0,0,0.0,0.0
Lydia,12,1.1,5,41.7,4,57.1,0,0.0,1,8.3,0,0.0,0,0,0.0,0.0
BattleMammoth,0,0.0,0,0.0,0,0.0,0,0.0,0,0.0,0,0.0,0,0,0.0,0.0
Talc,0,0.0,0,0.0,0,0.0,0,0.0,0,0.0,0,0.0,0,0,0.0,0.0
Granite,0,0.0,0,0.0,0,0.0,0,0.0,0,0.0,0,0.0,0,0,0.0,0.0
Olivine,0,0.0,0,0.0,0,0.0,0,0.0,0,0.0,0,0.0,0,0,0.0,0.0
Marble,0,0.0,0,0.0,0,0.0,0,0.0,0,0.0,0,0.0,0,0,0.0,0.0
Basalt,0,0.0,0,0.0,0,0.0,0,0.0,0,0.0,0,0.0,0,0,0.0,0.0
FairyQueen,0,0.0,0,0.0,0,0.0,0,0.0,0,0.0,0,0.0,0,0,0.0,0.0
Fran,528,49.6,277,52.5,138,26.1,84,15.9,8,1.5,97,18.6,34,4,40.5,50.0
Ifrit,0,0.0,0,0.0,0,0.0,0,0.0,0,0.0,0,0.0,0,0,0.0,0.0
Theomars,0,0.0,0,0.0,0,0.0,0,0.0,0,0.0,0,0.0,0,0,0.0,0.0
Tesarion,55,5.2,25,45.5,6,16.7,0,0.0,16,29.1,14,25.5,0,6,0.0,37.5
Akhamamir,0,0.0,0,0.0,0,0.0,0,0.0,0,0.0,0,0.0,0,0,0.0,0.0
Elsharion,7,0.7,2,28.6,2,28.6,0,0.0,2,28.6,2,33.3,0,1,0.0,50.0
Veromos,4,0.4,2,50.0,0,0.0,0,0.0,2,50.0,1,25.0,0,1,0.0,50.0
CowGirl,0,0.0,0,0.0,0,0.0,0,0.0,0,0.0,0,0.0,0,0,0.0,0.0
Sera,0,0.0,0,0.0,0,0.0,0,0.0,0,0.0,0,0.0,0,0,0.0,0.0
Anne,0,0.0,0,0.0,0,0.0,0,0.0,0,0.0,0,0.0,0,0,0.0,0.0
Hannah,0,0.0,0,0.0,0,0.0,0,0.0,0,0.0,0,0.0,0,0,0.0,0.0
Loren,61,5.7,33,54.1,2,4.2,0,0.0,5,8.2,12,20.0,0,2,0.0,40.0
Cassie,0,0.0,0,0.0,0,0.0,0,0.0,0,0.0,0,0.0,0,0,0.0,0.0
PirateCaptain,0,0.0,0,0.0,0,0.0,0,0.0,0,0.0,0,0.0,0,0,0.0,0.0
Galleon,0,0.0,0,0.0,0,0.0,0,0.0,0,0.0,0,0.0,0,0,0.0,0.0
Carrack,0,0.0,0,0.0,0,0.0,0,0.0,0,0.0,0,0.0,0,0,0.0,0.0
Barque,0,0.0,0,0.0,0,0.0,0,0.0,0,0.0,0,0.0,0,0,0.0,0.0
Brig,0,0.0,0,0.0,0,0.0,0,0.0,0,0.0,0,0.0,0,0,0.0,0.0
Frigate,0,0.0,0,0.0,0,0.0,0,0.0,0,0.0,0,0.0,0,0,0.0,0.0
ChargerShark,0,0.0,0,0.0,0,0.0,0,0.0,0,0.0,0,0.0,0,0,0.0,0.0
Aqcus,0,0.0,0,0.0,0,0.0,0,0.0,0,0.0,0,0.0,0,0,0.0,0.0
Ignicus,0,0.0,0,0.0,0,0.0,0,0.0,0,0.0,0,0.0,0,0,0.0,0.0
Zephicus,0,0.0,0,0.0,0,0.0,0,0.0,0,0.0,0,0.0,0,0,0.0,0.0
Rumicus,0,0.0,0,0.0,0,0.0,0,0.0,0,0.0,0,0.0,0,0,0.0,0.0
Calicus,0,0.0,0,0.0,0,0.0,0,0.0,0,0.0,0,0.0,0,0,0.0,0.0
Mermaid,0,0.0,0,0.0,0,0.0,0,0.0,0,0.0,0,0.0,0,0,0.0,0.0
Tetra,68,6.4,25,36.8,0,0.0,0,0.0,14,20.6,21,31.3,0,8,0.0,57.1
Platy,4,0.4,3,75.0,0,0.0,0,0.0,2,50.0,0,0.0,0,2,0.0,100.0
Cichlid,1,0.1,1,100.0,0,0.0,0,0.0,0,0.0,0,0.0,0,0,0.0,0.0
Molly,378,35.5,188,49.7,1,0.5,75,19.8,15,4.0,61,16.6,26,8,34.7,53.3
Betta,5,0.5,4,80.0,0,0.0,0,0.0,0,0.0,1,20.0,0,0,0.0,0.0
SeaEmperor,0,0.0,0,0.0,0,0.0,0,0.0,0,0.0,0,0.0,0,0,0.0,0.0
Poseidon,40,3.8,19,47.5,6,26.1,0,0.0,7,17.5,8,20.5,0,4,0.0,57.1
Okeanos,798,74.9,437,54.8,133,16.7,227,28.4,11,1.4,132,16.6,123,7,54.2,63.6
Triton,29,2.7,15,51.7,0,0.0,0,0.0,3,10.3,13,52.0,0,2,0.0,66.7
Pontos,0,0.0,0,0.0,0,0.0,0,0.0,0,0.0,0,0.0,0,0,0.0,0.0
Manannan,0,0.0,0,0.0,0,0.0,0,0.0,0,0.0,0,0.0,0,0,0.0,0.0
MagicKnight,0,0.0,0,0.0,0,0.0,0,0.0,0,0.0,0,0.0,0,0,0.0,0.0
Lapis,1,0.1,0,0.0,0,0.0,0,0.0,0,0.0,0,0.0,0,0,0.0,0.0
Astar,0,0.0,0,0.0,0,0.0,0,0.0,0,0.0,0,0.0,0,0,0.0,0.0
Lupinus,0,0.0,0,0.0,0,0.0,0,0.0,0,0.0,0,0.0,0,0,0.0,0.0
Iris,2,0.2,2,100.0,1,100.0,0,0.0,0,0.0,0,0.0,0,0,0.0,0.0
Lanett,0,0.0,0,0.0,0,0.0,0,0.0,0,0.0,0,0.0,0,0,0.0,0.0
Assassin,0,0.0,0,0.0,0,0.0,0,0.0,0,0.0,0,0.0,0,0,0.0,0.0
Stella,0,0.0,0,0.0,0,0.0,0,0.0,0,0.0,0,0.0,0,0,0.0,0.0
Lexy,0,0.0,0,0.0,0,0.0,0,0.0,0,0.0,0,0.0,0,0,0.0,0.0
Tanya,0,0.0,0,0.0,0,0.0,0,0.0,0,0.0,0,0.0,0,0,0.0,0.0
Natalie,0,0.0,0,0.0,0,0.0,0,0.0,0,0.0,0,0.0,0,0,0.0,0.0
Isabelle,0,0.0,0,0.0,0,0.0,0,0.0,0,0.0,0,0.0,0,0,0.0,0.0
NeostoneFighter,0,0.0,0,0.0,0,0.0,0,0.0,0,0.0,0,0.0,0,0,0.0,0.0
Ryan,0,0.0,0,0.0,0,0.0,0,0.0,0,0.0,0,0.0,0,0,0.0,0.0
Trevor,1,0.1,1,100.0,1,100.0,0,0.0,0,0.0,0,0.0,0,0,0.0,0.0
Logan,0,0.0,0,0.0,0,0.0,0,0.0,0,0.0,0,0.0,0,0,0.0,0.0
Lucas,0,0.0,0,0.0,0,0.0,0,0.0,0,0.0,0,0.0,0,0,0.0,0.0
Karl,0,0.0,0,0.0,0,0.0,0,0.0,0,0.0,0,0.0,0,0,0.0,0.0
NeostoneAgent,0,0.0,0,0.0,0,0.0,0,0.0,0,0.0,0,0.0,0,0,0.0,0.0
Emma,0,0.0,0,0.0,0,0.0,0,0.0,0,0.0,0,0.0,0,0,0.0,0.0
Lisa,2,0.2,1,50.0,0,0.0,0,0.0,2,100.0,0,0.0,0,1,0.0,50.0
Olivia,0,0.0,0,0.0,0,0.0,0,0.0,0,0.0,0,0.0,0,0,0.0,0.0
Illiana,21,2.0,7,33.3,1,5.0,0,0.0,0,0.0,4,36.4,0,0,0.0,0.0
Sylvia,0,0.0,0,0.0,0,0.0,0,0.0,0,0.0,0,0.0,0,0,0.0,0.0
MartialArtist,0,0.0,0,0.0,0,0.0,0,0.0,0,0.0,0,0.0,0,0,0.0,0.0
Luan,0,0.0,0,0.0,0,0.0,0,0.0,0,0.0,0,0.0,0,0,0.0,0.0
Sin,0,0.0,0,0.0,0,0.0,0,0.0,0,0.0,0,0.0,0,0,0.0,0.0
Lo,0,0.0,0,0.0,0,0.0,0,0.0,0,0.0,0,0.0,0,0,0.0,0.0
Hiro,0,0.0,0,0.0,0,0.0,0,0.0,0,0.0,0,0.0,0,0,0.0,0.0
Jackie,0,0.0,0,0.0,0,0.0,0,0.0,0,0.0,0,0.0,0,0,0.0,0.0
Mummy,0,0.0,0,0.0,0,0.0,0,0.0,0,0.0,0,0.0,0,0,0.0,0.0
Nubia,0,0.0,0,0.0,0,0.0,0,0.0,0,0.0,0,0.0,0,0,0.0,0.0
Sonora,0,0.0,0,0.0,0,0.0,0,0.0,0,0.0,0,0.0,0,0,0.0,0.0
Namib,0,0.0,0,0.0,0,0.0,0,0.0,0,0.0,0,0.0,0,0,0.0,0.0
Sahara,0,0.0,0,0.0,0,0.0,0,0.0,0,0.0,0,0.0,0,0,0.0,0.0
Karakum,0,0.0,0,0.0,0,0.0,0,0.0,0,0.0,0,0.0,0,0,0.0,0.0
Anubis,0,0.0,0,0.0,0,0.0,0,0.0,0,0.0,0,0.0,0,0,0.0,0.0
Avaris,0,0.0,0,0.0,0,0.0,0,0.0,0,0.0,0,0.0,0,0,0.0,0.0
Khmun,0,0.0,0,0.0,0,0.0,0,0.0,0,0.0,0,0.0,0,0,0.0,0.0
Iunu,0,0.0,0,0.0,0,0.0,0,0.0,0,0.0,0,0.0,0,0,0.0,0.0
Amarna,0,0.0,0,0.0,0,0.0,0,0.0,0,0.0,0,0.0,0,0,0.0,0.0
Thebae,1,0.1,1,100.0,0,0.0,0,0.0,0,0.0,0,0.0,0,0,0.0,0.0
DesertQueen,0,0.0,0,0.0,0,0.0,0,0.0,0,0.0,0,0.0,0,0,0.0,0.0
Bastet,137,12.9,53,38.7,10,9.1,37,27.0,3,2.2,33,24.1,13,1,35.1,33.3
Sekhmet,15,1.4,4,26.7,6,40.0,0,0.0,1,6.7,2,25.0,0,0,0.0,0.0
Hathor,113,10.6,48,42.5,19,18.8,16,14.2,7,6.2,21,19.3,4,2,25.0,28.6
Isis,1,0.1,0,0.0,0,0.0,0,0.0,1,100.0,1,100.0,0,0,0.0,0.0
Nephthys,160,15.0,95,59.4,87,54.7,14,8.8,11,6.9,43,27.4,9,7,64.3,63.6
Horus,0,0.0,0,0.0,0,0.0,0,0.0,0,0.0,0,0.0,0,0,0.0,0.0
Qebehsenuef,0,0.0,0,0.0,0,0.0,0,0.0,0,0.0,0,0.0,0,0,0.0,0.0
Duamutef,0,0.0,0,0.0,0,0.0,0,0.0,0,0.0,0,0.0,0,0,0.0,0.0
Imesety,0,0.0,0,0.0,0,0.0,0,0.0,0,0.0,0,0.0,0,0,0.0,0.0
Wedjat,23,2.2,11,47.8,15,65.2,1,4.3,1,4.3,6,27.3,0,0,0.0,0.0
Amduat,7,0.7,4,57.1,2,33.3,0,0.0,2,28.6,1,14.3,0,1,0.0,50.0
Jack-o-lantern,0,0.0,0,0.0,0,0.0,0,0.0,0,0.0,0,0.0,0,0,0.0,0.0
Chilling,0,0.0,0,0.0,0,0.0,0,0.0,0,0.0,0,0.0,0,0,0.0,0.0
Smokey,0,0.0,0,0.0,0,0.0,0,0.0,0,0.0,0,0.0,0,0,0.0,0.0
Windy,0,0.0,0,0.0,0,0.0,0,0.0,0,0.0,0,0.0,0,0,0.0,0.0
Misty,1,0.1,1,100.0,0,0.0,0,0.0,0,0.0,0,0.0,0,0,0.0,0.0
Dusky,1,0.1,0,0.0,0,0.0,0,0.0,0,0.0,0,0.0,0,0,0.0,0.0
Frankenstein,0,0.0,0,0.0,0,0.0,0,0.0,0,0.0,0,0.0,0,0,0.0,0.0
Tractor,0,0.0,0,0.0,0,0.0,0,0.0,0,0.0,0,0.0,0,0,0.0,0.0
Bulldozer,7,0.7,5,71.4,0,0.0,0,0.0,0,0.0,2,40.0,0,0,0.0,0.0
Crane,0,0.0,0,0.0,0,0.0,0,0.0,0,0.0,0,0.0,0,0,0.0,0.0
Driller,0,0.0,0,0.0,0,0.0,0,0.0,0,0.0,0,0.0,0,0,0.0,0.0
Crawler,0,0.0,0,0.0,0,0.0,0,0.0,0,0.0,0,0.0,0,0,0.0,0.0
ElvenRanger,0,0.0,0,0.0,0,0.0,0,0.0,0,0.0,0,0.0,0,0,0.0,0.0
Eluin,0,0.0,0,0.0,0,0.0,0,0.0,0,0.0,0,0.0,0,0,0.0,0.0
Adrian,0,0.0,0,0.0,0,0.0,0,0.0,0,0.0,0,0.0,0,0,0.0,0.0
Erwin,0,0.0,0,0.0,0,0.0,0,0.0,0,0.0,0,0.0,0,0,0.0,0.0
Lucien,0,0.0,0,0.0,0,0.0,0,0.0,0,0.0,0,0.0,0,0,0.0,0.0
Isillen,0,0.0,0,0.0,0,0.0,0,0.0,0,0.0,0,0.0,0,0,0.0,0.0
Harg,0,0.0,0,0.0,0,0.0,0,0.0,0,0.0,0,0.0,0,0,0.0,0.0
Remy,0,0.0,0,0.0,0,0.0,0,0.0,0,0.0,0,0.0,0,0,0.0,0.0
Racuni,12,1.1,4,33.3,0,0.0,0,0.0,2,16.7,1,11.1,0,1,0.0,50.0
Raviti,0,0.0,0,0.0,0,0.0,0,0.0,0,0.0,0,0.0,0,0,0.0,0.0
Dova,0,0.0,0,0.0,0,0.0,0,0.0,0,0.0,0,0.0,0,0,0.0,0.0
Kroa,0,0.0,0,0.0,0,0.0,0,0.0,0,0.0,0,0.0,0,0,0.0,0.0
FairyKing,0,0.0,0,0.0,0,0.0,0,0.0,0,0.0,0,0.0,0,0,0.0,0.0
Psamathe,60,5.6,27,45.0,44,74.6,0,0.0,14,23.3,12,20.0,0,11,0.0,78.6
Daphnis,161,15.1,69,42.9,12,8.1,0,0.0,27,16.8,44,27.3,0,7,0.0,25.9
Ganymede,288,27.0,136,47.2,64,22.5,11,3.8,22,7.6,37,13.2,6,8,54.5,36.4
Oberon,30,2.8,18,60.0,8,27.6,0,0.0,7,23.3,10,35.7,0,5,0.0,71.4
Nyx,1,0.1,0,0.0,1,100.0,0,0.0,0,0.0,0,0.0,0,0,0.0,0.0
PandaWarrior,0,0.0,0,0.0,0,0.0,0,0.0,0,0.0,0,0.0,0,0,0.0,0.0
MoLong,123,11.5,48,39.0,59,48.0,27,22.0,6,4.9,20,17.4,11,2,40.7,33.3
XiongFei,0,0.0,0,0.0,0,0.0,0,0.0,0,0.0,0,0.0,0,0,0.0,0.0
FengYan,39,3.7,21,53.8,0,0.0,0,0.0,6,15.4,8,23.5,0,2,0.0,33.3
TianLang,92,8.6,61,66.3,0,0.0,0,0.0,14,15.2,28,31.1,0,8,0.0,57.1
MiYing,0,0.0,0,0.0,0,0.0,0,0.0,0,0.0,0,0.0,0,0,0.0,0.0
DiceMagician,0,0.0,0,0.0,0,0.0,0,0.0,0,0.0,0,0.0,0,0,0.0,0.0
Reno,0,0.0,0,0.0,0,0.0,0,0.0,0,0.0,0,0.0,0,0,0.0,0.0
Ludo,3,0.3,1,33.3,0,0.0,0,0.0,0,0.0,0,0.0,0,0,0.0,0.0
Morris,0,0.0,0,0.0,0,0.0,0,0.0,0,0.0,0,0.0,0,0,0.0,0.0
Tablo,61,5.7,21,34.4,29,47.5,2,3.3,4,6.6,13,22.8,0,1,0.0,25.0
Monte,0,0.0,0,0.0,0,0.0,0,0.0,0,0.0,0,0.0,0,0,0.0,0.0
HarpMagician,0,0.0,0,0.0,0,0.0,0,0.0,0,0.0,0,0.0,0,0,0.0,0.0
Sonnet,0,0.0,0,0.0,0,0.0,0,0.0,0,0.0,0,0.0,0,0,0.0,0.0
Harmonia,24,2.3,8,33.3,1,5.0,0,0.0,0,0.0,3,13.0,0,0,0.0,0.0
Triana,116,10.9,60,51.7,1,4.8,3,2.6,17,14.7,15,14.3,3,7,100.0,41.2
Celia,14,1.3,4,28.6,3,30.0,0,0.0,2,14.3,2,40.0,0,1,0.0,50.0
Vivachel,16,1.5,9,56.2,7,43.8,1,6.2,1,6.2,3,33.3,1,1,100.0,100.0
Unicorn,0,0.0,0,0.0,0,0.0,0,0.0,0,0.0,0,0.0,0,0,0.0,0.0
Amelia,38,3.6,14,36.8,0,0.0,0,0.0,9,23.7,14,40.0,0,5,0.0,55.6
Helena,10,0.9,8,80.0,0,0.0,0,0.0,1,10.0,3,30.0,0,1,0.0,100.0
Diana,110,10.3,47,42.7,0,0.0,0,0.0,30,27.3,23,21.1,0,16,0.0,53.3
Eleanor,18,1.7,12,66.7,0,0.0,0,0.0,2,11.1,6,54.5,0,1,0.0,50.0
Alexandra,3,0.3,2,66.7,0,0.0,0,0.0,0,0.0,0,0.0,0,0,0.0,0.0
Paladin,0,0.0,0,0.0,0,0.0,0,0.0,0,0.0,0,0.0,0,0,0.0,0.0
Josephine,51,4.8,22,43.1,8,25.0,0,0.0,8,15.7,9,17.6,0,2,0.0,25.0
Ophilia,9,0.8,3,33.3,0,0.0,0,0.0,1,11.1,2,28.6,0,0,0.0,0.0
Louise,2,0.2,1,50.0,0,0.0,0,0.0,0,0.0,1,50.0,0,0,0.0,0.0
Jeanne,5,0.5,3,60.0,4,80.0,0,0.0,0,0.0,0,0.0,0,0,0.0,0.0
Leona,29,2.7,16,55.2,0,0.0,1,3.4,5,17.2,7,25.9,0,3,0.0,60.0
ChakramDancer,0,0.0,0,0.0,0,0.0,0,0.0,0,0.0,0,0.0,0,0,0.0,0.0
Talia,0,0.0,0,0.0,0,0.0,0,0.0,0,0.0,0,0.0,0,0,0.0,0.0
Shaina,1,0.1,0,0.0,0,0.0,0,0.0,0,0.0,0,0.0,0,0,0.0,0.0
Melissa,0,0.0,0,0.0,0,0.0,0,0.0,0,0.0,0,0.0,0,0,0.0,0.0
Deva,0,0.0,0,0.0,0,0.0,0,0.0,0,0.0,0,0.0,0,0,0.0,0.0
Belita,0,0.0,0,0.0,0,0.0,0,0.0,0,0.0,0,0.0,0,0,0.0,0.0
BoomerangWarrior,0,0.0,0,0.0,0,0.0,0,0.0,0,0.0,0,0.0,0,0,0.0,0.0
Sabrina,0,0.0,0,0.0,0,0.0,0,0.0,0,0.0,0,0.0,0,0,0.0,0.0
Maruna,0,0.0,0,0.0,0,0.0,0,0.0,0,0.0,0,0.0,0,0,0.0,0.0
Zenobia,0,0.0,0,0.0,0,0.0,0,0.0,0,0.0,0,0.0,0,0,0.0,0.0
Bailey,0,0.0,0,0.0,0,0.0,0,0.0,0,0.0,0,0.0,0,0,0.0,0.0
Martina,0,0.0,0,0.0,0,0.0,0,0.0,0,0.0,0,0.0,0,0,0.0,0.0
Dryad,0,0.0,0,0.0,0,0.0,0,0.0,0,0.0,0,0.0,0,0,0.0,0.0
Herne,2,0.2,0,0.0,0,0.0,0,0.0,1,50.0,1,100.0,0,0,0.0,0.0
Nisha,0,0.0,0,0.0,0,0.0,0,0.0,0,0.0,0,0.0,0,0,0.0,0.0
Mellia,0,0.0,0,0.0,0,0.0,0,0.0,0,0.0,0,0.0,0,0,0.0,0.0
Felleria,1,0.1,0,0.0,0,0.0,0,0.0,1,100.0,0,0.0,0,0,0.0,0.0
Hyanes,0,0.0,0,0.0,0,0.0,0,0.0,0,0.0,0,0.0,0,0,0.0,0.0
Druid,0,0.0,0,0.0,0,0.0,0,0.0,0,0.0,0,0.0,0,0,0.0,0.0
Abellio,10,0.9,4,40.0,0,0.0,0,0.0,3,30.0,1,14.3,0,2,0.0,66.7
Bellenus,32,3.0,15,46.9,0,0.0,0,0.0,7,21.9,5,16.1,0,2,0.0,28.6
Taranys,81,7.6,38,46.9,0,0.0,1,1.2,11,13.6,12,17.4,1,4,100.0,36.4
Valantis,12,1.1,4,33.3,0,0.0,0,0.0,0,0.0,1,33.3,0,0,0.0,0.0
Pater,58,5.4,31,53.4,0,0.0,0,0.0,11,19.0,13,23.2,0,7,0.0,63.6
GiantWarrior,0,0.0,0,0.0,0,0.0,0,0.0,0,0.0,0,0.0,0,0,0.0,0.0
Bagir,0,0.0,0,0.0,0,0.0,0,0.0,0,0.0,0,0.0,0,0,0.0,0.0
Vidurr,0,0.0,0,0.0,0,0.0,0,0.0,0,0.0,0,0.0,0,0,0.0,0.0
Skogul,0,0.0,0,0.0,0,0.0,0,0.0,0,0.0,0,0.0,0,0,0.0,0.0
Einheri,0,0.0,0,0.0,0,0.0,0,0.0,0,0.0,0,0.0,0,0,0.0,0.0
Trasar,0,0.0,0,0.0,0,0.0,0,0.0,0,0.0,0,0.0,0,0,0.0,0.0
LightningEmperor,0,0.0,0,0.0,0,0.0,0,0.0,0,0.0,0,0.0,0,0,0.0,0.0
Bolverk,29,2.7,16,55.2,1,33.3,0,0.0,7,24.1,5,20.0,0,5,0.0,71.4
Baleygr,0,0.0,0,0.0,0,0.0,0,0.0,0,0.0,0,0.0,0,0,0.0,0.0
Odin,31,2.9,18,58.1,0,0.0,0,0.0,6,19.4,13,43.3,0,4,0.0,66.7
Geldnir,2,0.2,0,0.0,0,0.0,0,0.0,0,0.0,0,0.0,0,0,0.0,0.0
Herteit,11,1.0,7,63.6,0,0.0,0,0.0,5,45.5,7,63.6,0,4,0.0,80.0
SniperMk.I,0,0.0,0,0.0,0,0.0,0,0.0,0,0.0,0,0.0,0,0,0.0,0.0
Covenant,6,0.6,1,16.7,0,0.0,0,0.0,3,50.0,1,50.0,0,1,0.0,33.3
Carcano,0,0.0,0,0.0,0,0.0,0,0.0,0,0.0,0,0.0,0,0,0.0,0.0
Carbine,0,0.0,0,0.0,0,0.0,0,0.0,0,0.0,0,0.0,0,0,0.0,0.0
Magnum,1,0.1,1,100.0,0,0.0,0,0.0,1,100.0,1,100.0,0,1,0.0,100.0
Dragunov,0,0.0,0,0.0,0,0.0,0,0.0,0,0.0,0,0.0,0,0,0.0,0.0
CannonGirl,0,0.0,0,0.0,0,0.0,0,0.0,0,0.0,0,0.0,0,0,0.0,0.0
Abigail,0,0.0,0,0.0,0,0.0,0,0.0,0,0.0,0,0.0,0,0,0.0,0.0
Scarlett,0,0.0,0,0.0,0,0.0,0,0.0,0,0.0,0,0.0,0,0,0.0,0.0
Christina,0,0.0,0,0.0,0,0.0,0,0.0,0,0.0,0,0.0,0,0,0.0,0.0
Emily,0,0.0,0,0.0,0,0.0,0,0.0,0,0.0,0,0.0,0,0,0.0,0.0
Bella,4,0.4,3,75.0,0,0.0,0,0.0,1,25.0,0,0.0,0,0,0.0,0.0
VampireLord,0,0.0,0,0.0,0,0.0,0,0.0,0,0.0,0,0.0,0,0,0.0,0.0
Eirgar,0,0.0,0,0.0,0,0.0,0,0.0,0,0.0,0,0.0,0,0,0.0,0.0
Demon,0,0.0,0,0.0,0,0.0,0,0.0,0,0.0,0,0.0,0,0,0.0,0.0
Belial,7,0.7,0,0.0,4,66.7,0,0.0,0,0.0,2,28.6,0,0,0.0,0.0
Bael,0,0.0,0,0.0,0,0.0,0,0.0,0,0.0,0,0.0,0,0,0.0,0.0
Mephisto,3,0.3,1,33.3,1,100.0,0,0.0,2,66.7,1,33.3,0,1,0.0,50.0
Lucifer,17,1.6,8,47.1,6,37.5,0,0.0,1,5.9,1,100.0,0,1,0.0,100.0
Beelzebub,12,1.1,6,50.0,6,60.0,0,0.0,7,58.3,4,33.3,0,3,0.0,42.9
Gargoyle,0,0.0,0,0.0,0,0.0,0,0.0,0,0.0,0,0.0,0,0,0.0,0.0
Tanzaite,0,0.0,0,0.0,0,0.0,0,0.0,0,0.0,0,0.0,0,0,0.0,0.0
Kunite,0,0.0,0,0.0,0,0.0,0,0.0,0,0.0,0,0.0,0,0,0.0,0.0
Malite,0,0.0,0,0.0,0,0.0,0,0.0,0,0.0,0,0.0,0,0,0.0,0.0
Pheneka,0,0.0,0,0.0,0,0.0,0,0.0,0,0.0,0,0.0,0,0,0.0,0.0
Onyx,0,0.0,0,0.0,0,0.0,0,0.0,0,0.0,0,0.0,0,0,0.0,0.0
BeastRider,0,0.0,0,0.0,0,0.0,0,0.0,0,0.0,0,0.0,0,0,0.0,0.0
Barbara,247,23.2,129,52.2,1,1.1,0,0.0,26,10.5,38,16.2,0,21,0.0,80.8
Masha,96,9.0,51,53.1,0,0.0,0,0.0,14,14.6,11,12.0,0,8,0.0,57.1
Savannah,288,27.0,159,55.2,0,0.0,0,0.0,29,10.1,34,12.6,0,19,0.0,65.5
Narsha,1,0.1,0,0.0,0,0.0,0,0.0,0,0.0,0,0.0,0,0,0.0,0.0
Xiana,1,0.1,0,0.0,0,0.0,0,0.0,1,100.0,0,0.0,0,0,0.0,0.0
ArtMaster,0,0.0,0,0.0,0,0.0,0,0.0,0,0.0,0,0.0,0,0,0.0,0.0
Haegang,0,0.0,0,0.0,0,0.0,0,0.0,0,0.0,0,0.0,0,0,0.0,0.0
Jeogun,3,0.3,2,66.7,0,0.0,0,0.0,1,33.3,1,100.0,0,1,0.0,100.0
Cheongpung,343,32.2,177,51.6,8,2.4,7,2.0,24,7.0,59,18.5,4,18,57.1,75.0
Hanwul,0,0.0,0,0.0,0,0.0,0,0.0,0,0.0,0,0.0,0,0,0.0,0.0
Mookwol,1,0.1,1,100.0,0,0.0,0,0.0,0,0.0,0,0.0,0,0,0.0,0.0
StringMaster,0,0.0,0,0.0,0,0.0,0,0.0,0,0.0,0,0.0,0,0,0.0,0.0
Songseol,0,0.0,0,0.0,0,0.0,0,0.0,0,0.0,0,0.0,0,0,0.0,0.0
Hongyeon,0,0.0,0,0.0,0,0.0,0,0.0,0,0.0,0,0.0,0,0,0.0,0.0
Yeonhwa,0,0.0,0,0.0,0,0.0,0,0.0,0,0.0,0,0.0,0,0,0.0,0.0
Dongbaek,0,0.0,0,0.0,0,0.0,0,0.0,0,0.0,0,0.0,0,0,0.0,0.0
Mirinae,0,0.0,0,0.0,0,0.0,0,0.0,0,0.0,0,0.0,0,0,0.0,0.0
RYU,0,0.0,0,0.0,0,0.0,0,0.0,0,0.0,0,0.0,0,0,0.0,0.0
Moore/WaterRYU1,125,11.7,74,59.2,51,40.8,3,2.4,13,10.4,34,29.1,2,7,66.7,53.8
Douglas/FireRYU1,6,0.6,2,33.3,1,100.0,0,0.0,0,0.0,1,16.7,0,0,0.0,0.0
Kashmir/WindRYU1,0,0.0,0,0.0,0,0.0,0,0.0,0,0.0,0,0.0,0,0,0.0,0.0
Talisman/LightRYU1,1,0.1,0,0.0,1,100.0,0,0.0,1,100.0,0,0.0,0,0,0.0,0.0
Vancliffe/DarkRYU1,2,0.2,1,50.0,0,0.0,0,0.0,0,0.0,1,50.0,0,0,0.0,0.0
Bernadotte/KEN1,0,0.0,0,0.0,0,0.0,0,0.0,0,0.0,0,0.0,0,0,0.0,0.0
Bernadotte/KEN,6,0.6,2,33.3,0,0.0,0,0.0,0,0.0,0,0.0,0,0,0.0,0.0
M.BISON,0,0.0,0,0.0,0,0.0,0,0.0,0,0.0,0,0.0,0,0,0.0,0.0
Borgnine/WaterM.BISON1,0,0.0,0,0.0,0,0.0,0,0.0,0,0.0,0,0.0,0,0,0.0,0.0
Karnal/FireM.BISON1,1,0.1,0,0.0,0,0.0,0,0.0,0,0.0,0,0.0,0,0,0.0,0.0
Sagar/WindM.BISON1,0,0.0,0,0.0,0,0.0,0,0.0,0,0.0,0,0.0,0,0,0.0,0.0
Craig/LightM.BISON1,1,0.1,0,0.0,0,0.0,0,0.0,0,0.0,0,0.0,0,0,0.0,0.0
Gurkha/DarkM.BISON1,2,0.2,0,0.0,1,50.0,0,0.0,0,0.0,0,0.0,0,0,0.0,0.0
DHALSIM,0,0.0,0,0.0,0,0.0,0,0.0,0,0.0,0,0.0,0,0,0.0,0.0
Kyle/WaterDHALSIM1,0,0.0,0,0.0,0,0.0,0,0.0,0,0.0,0,0.0,0,0,0.0,0.0
Todd/FireDHALSIM1,0,0.0,0,0.0,0,0.0,0,0.0,0,0.0,0,0.0,0,0,0.0,0.0
Jarrett/WindDHALSIM1,0,0.0,0,0.0,0,0.0,0,0.0,0,0.0,0,0.0,0,0,0.0,0.0
Hekerson/LightDHALSIM1,0,0.0,0,0.0,0,0.0,0,0.0,0,0.0,0,0.0,0,0,0.0,0.0
Cayde/DarkDHALSIM1,0,0.0,0,0.0,0,0.0,0,0.0,0,0.0,0,0.0,0,0,0.0,0.0
CHUN-LI,0,0.0,0,0.0,0,0.0,0,0.0,0,0.0,0,0.0,0,0,0.0,0.0
Lariel/WaterCHUN-LI1,0,0.0,0,0.0,0,0.0,0,0.0,0,0.0,0,0.0,0,0,0.0,0.0
Berenice/FireCHUN-LI1,0,0.0,0,0.0,0,0.0,0,0.0,0,0.0,0,0.0,0,0,0.0,0.0
Cordelia/WindCHUN-LI1,0,0.0,0,0.0,0,0.0,0,0.0,0,0.0,0,0.0,0,0,0.0,0.0
Leah/LightCHUN-LI1,11,1.0,1,9.1,0,0.0,0,0.0,5,45.5,1,14.3,0,1,0.0,20.0
Vereesa/DarkCHUN-LI1,1,0.1,1,100.0,0,0.0,0,0.0,0,0.0,0,0.0,0,0,0.0,0.0
Striker,0,0.0,0,0.0,0,0.0,0,0.0,0,0.0,0,0.0,0,0,0.0,0.0
Moore/WaterRYU,65,6.1,37,56.9,28,43.1,1,1.5,9,13.8,15,23.8,0,7,0.0,77.8
Douglas/FireRYU,0,0.0,0,0.0,0,0.0,0,0.0,0,0.0,0,0.0,0,0,0.0,0.0
Kashmir/WindRYU,0,0.0,0,0.0,0,0.0,0,0.0,0,0.0,0,0.0,0,0,0.0,0.0
Talisman/LightRYU,0,0.0,0,0.0,0,0.0,0,0.0,0,0.0,0,0.0,0,0,0.0,0.0
Vancliffe/DarkRYU,2,0.2,1,50.0,0,0.0,0,0.0,1,50.0,0,0.0,0,0,0.0,0.0
ShadowClaw,0,0.0,0,0.0,0,0.0,0,0.0,0,0.0,0,0.0,0,0,0.0,0.0
Slayer,0,0.0,0,0.0,0,0.0,0,0.0,0,0.0,0,0.0,0,0,0.0,0.0
Borgnine/WaterM.BISON,0,0.0,0,0.0,0,0.0,0,0.0,0,0.0,0,0.0,0,0,0.0,0.0
Karnal/FireM.BISON,1,0.1,0,0.0,1,100.0,0,0.0,0,0.0,0,0.0,0,0,0.0,0.0
Sagar/WindM.BISON,0,0.0,0,0.0,0,0.0,0,0.0,0,0.0,0,0.0,0,0,0.0,0.0
Craig/LightM.BISON,0,0.0,0,0.0,0,0.0,0,0.0,0,0.0,0,0.0,0,0,0.0,0.0
Gurkha/DarkM.BISON,0,0.0,0,0.0,0,0.0,0,0.0,0,0.0,0,0.0,0,0,0.0,0.0
PoisonMaster,0,0.0,0,0.0,0,0.0,0,0.0,0,0.0,0,0.0,0,0,0.0,0.0
Kyle/WaterDHALSIM,0,0.0,0,0.0,0,0.0,0,0.0,0,0.0,0,0.0,0,0,0.0,0.0
Todd/FireDHALSIM,0,0.0,0,0.0,0,0.0,0,0.0,0,0.0,0,0.0,0,0,0.0,0.0
Jarrett/WindDHALSIM,0,0.0,0,0.0,0,0.0,0,0.0,0,0.0,0,0.0,0,0,0.0,0.0
Hekerson/LightDHALSIM,0,0.0,0,0.0,0,0.0,0,0.0,0,0.0,0,0.0,0,0,0.0,0.0
Cayde/DarkDHALSIM,1,0.1,1,100.0,0,0.0,0,0.0,1,100.0,0,0.0,0,1,0.0,100.0
BladeDancer,0,0.0,0,0.0,0,0.0,0,0.0,0,0.0,0,0.0,0,0,0.0,0.0
Lariel/WaterCHUN-LI,0,0.0,0,0.0,0,0.0,0,0.0,0,0.0,0,0.0,0,0,0.0,0.0
Berenice/FireCHUN-LI,0,0.0,0,0.0,0,0.0,0,0.0,0,0.0,0,0.0,0,0,0.0,0.0
Cordelia/WindCHUN-LI,0,0.0,0,0.0,0,0.0,0,0.0,0,0.0,0,0.0,0,0,0.0,0.0
Leah/LightCHUN-LI,1,0.1,0,0.0,0,0.0,0,0.0,0,0.0,1,100.0,0,0,0.0,0.0
Vereesa/DarkCHUN-LI,0,0.0,0,0.0,0,0.0,0,0.0,0,0.0,0,0.0,0,0,0.0,0.0
Devilmon,0,0.0,0,0.0,0,0.0,0,0.0,0,0.0,0,0.0,0,0,0.0,0.0
Rainbowmon,0,0.0,0,0.0,0,0.0,0,0.0,0,0.0,0,0.0,0,0,0.0,0.0
Homunculus-Attack(Water),0,0.0,0,0.0,0,0.0,0,0.0,0,0.0,0,0.0,0,0,0.0,0.0
Homunculus-Attack(Fire),0,0.0,0,0.0,0,0.0,0,0.0,0,0.0,0,0.0,0,0,0.0,0.0
Homunculus-Attack(Wind),0,0.0,0,0.0,0,0.0,0,0.0,0,0.0,0,0.0,0,0,0.0,0.0
Homunculus-Support(Light),0,0.0,0,0.0,0,0.0,0,0.0,0,0.0,0,0.0,0,0,0.0,0.0
Homunculus-Support(Dark),0,0.0,0,0.0,0,0.0,0,0.0,0,0.0,0,0.0,0,0,0.0,0.0
